object_type,buffer_count,stock_count
GEN,0.26732673267326734,0.0
PROC,3.522222222222222,0.0
STOCK,3.765957446808511,76.5372340425532
TRACK,0.7189097103918228,0.0
