object_type,buffer_count,stock_count
GEN,0.8903674280039722,0.0
PROC,2.511128775834658,0.0
STOCK,0.2978723404255319,19.65691489361702
TRACK,0.6631730769230769,0.0
