,project_id,object_id,object_type,buffer_count,stock_count
0,1,0,GEN,0.267326733,0
1,1,1,TRACK,0.765379113,0
2,1,2,TRACK,0.650526316,0
3,1,3,PROC,3.522222222,0
4,1,4,STOCK,3.765957447,76.53723404
