object_type,buffer_count,stock_count
GEN,0.30264993026499304,0.0
PROC,2.7794117647058822,0.0
STOCK,0.7606382978723404,40.22074468085106
TRACK,0.25968109339407747,0.0
