object_type,buffer_count,stock_count
GEN,0.322819122720552,0.0
PROC,2.0394456289978677,0.0
STOCK,0.5425531914893617,39.515957446808514
TRACK,0.32584697373429766,0.0
