object_type,buffer_count,stock_count
GEN,0.8948101014118115,0.0
PROC,2.553125,0.0
STOCK,0.20035460992907803,13.065602836879433
TRACK,0.6617647058823529,0.0
